customer_id,tenure_months,monthly_spend,num_users,support_tickets_last_90d,product_modules_used,last_login_days_ago,nps_score,contract_type,onboarding_completed,has_dedicated_csm,industry,churned
CUST_0000,39,4495.09,125,8,9,83,10,Multi-year,0,0,Logistics,1
CUST_0001,52,7954.35,129,26,3,116,10,Annual,1,0,Retail,0
CUST_0002,29,6573.93,174,27,5,15,8,Annual,1,1,HR-Tech,0
CUST_0003,15,8147.92,76,22,8,73,5,Annual,1,1,Retail,1
CUST_0004,43,9079.94,156,24,8,52,3,Annual,1,1,Fintech,0
CUST_0005,8,6364.01,53,27,4,74,4,Multi-year,0,1,Retail,1
CUST_0006,21,9814.4,158,18,1,108,5,Annual,1,0,Healthcare,0
CUST_0007,39,6276.83,95,14,1,95,10,Annual,0,0,Logistics,0
CUST_0008,58,6548.12,41,19,4,53,2,Multi-year,1,1,Healthcare,0
CUST_0009,19,5770.75,72,13,6,87,7,Monthly,1,1,Healthcare,0
CUST_0010,23,1364.52,54,23,8,52,3,Monthly,1,0,Fintech,0
CUST_0011,11,7400.77,156,5,6,30,7,Annual,1,1,Logistics,0
CUST_0012,11,5700.74,23,20,9,33,9,Monthly,1,1,Healthcare,0
CUST_0013,24,4783.65,104,28,9,57,9,Annual,1,1,Fintech,0
CUST_0014,53,9149.48,64,3,2,52,2,Multi-year,1,1,Logistics,0
CUST_0015,36,3330.61,171,7,1,9,9,Annual,0,0,HR-Tech,0
CUST_0016,40,5474.22,93,16,2,54,6,Annual,1,0,Fintech,0
CUST_0017,24,7127.6,150,29,5,111,10,Multi-year,1,1,Retail,1
CUST_0018,3,8066.48,151,8,4,1,8,Annual,1,0,Logistics,0
CUST_0019,22,4863.79,168,0,4,44,3,Annual,1,1,Healthcare,0
CUST_0020,53,8499.87,187,23,9,99,7,Annual,1,1,Healthcare,1
CUST_0021,2,7804.72,73,19,8,75,2,Multi-year,1,0,Retail,0
CUST_0022,24,1129.24,179,24,6,98,6,Annual,1,1,Retail,0
CUST_0023,44,935.68,53,13,1,80,2,Annual,1,1,Healthcare,1
CUST_0024,30,6397.65,112,10,2,9,6,Multi-year,1,0,Logistics,0
CUST_0025,38,3800.43,165,20,6,32,10,Annual,1,1,Fintech,0
CUST_0026,2,2486.74,123,2,2,15,9,Annual,1,1,Retail,0
CUST_0027,21,6006.67,153,8,5,12,9,Multi-year,0,1,Retail,1
CUST_0028,33,3744.85,154,26,5,97,10,Annual,1,0,Retail,1
CUST_0029,12,5604.0,180,13,6,109,10,Annual,1,1,HR-Tech,0
CUST_0030,58,4871.13,41,29,6,78,5,Multi-year,1,1,Logistics,0
CUST_0031,22,6055.28,147,8,6,57,1,Annual,1,0,Logistics,0
CUST_0032,44,4302.85,167,3,2,8,10,Annual,0,0,Logistics,1
CUST_0033,25,7127.84,164,26,3,72,2,Multi-year,1,1,Logistics,0
CUST_0034,49,2210.64,15,3,6,27,5,Multi-year,1,0,Logistics,0
CUST_0035,27,7116.76,142,27,8,62,3,Annual,0,1,Healthcare,1
CUST_0036,59,4410.78,82,7,1,12,5,Monthly,0,1,Retail,0
CUST_0037,42,8806.02,81,1,1,65,0,Annual,1,1,Healthcare,0
CUST_0038,28,5394.74,189,8,2,107,9,Annual,1,0,HR-Tech,1
CUST_0039,16,9744.55,157,28,6,104,0,Annual,0,1,Fintech,1
CUST_0040,15,6218.39,6,13,9,42,2,Annual,1,0,Retail,0
CUST_0041,47,2626.57,68,21,4,62,7,Annual,1,1,HR-Tech,0
CUST_0042,51,8307.01,39,8,3,115,7,Annual,1,1,Healthcare,1
CUST_0043,44,3778.28,11,23,8,11,10,Monthly,1,1,Fintech,0
CUST_0044,55,3802.38,89,22,9,103,3,Annual,1,1,HR-Tech,0
CUST_0045,52,802.14,150,15,5,43,5,Annual,1,1,Fintech,1
CUST_0046,57,5712.8,71,28,9,95,7,Monthly,1,0,HR-Tech,1
CUST_0047,3,5577.02,46,29,2,17,6,Monthly,1,1,Healthcare,0
CUST_0048,37,3881.92,122,16,3,97,10,Annual,1,1,Fintech,0
CUST_0049,51,8995.06,129,15,7,32,6,Annual,1,0,HR-Tech,0
CUST_0050,7,1723.11,171,29,7,93,3,Monthly,1,0,Healthcare,1
CUST_0051,21,3635.95,173,11,6,85,8,Multi-year,1,1,Retail,0
CUST_0052,9,3555.04,28,2,6,85,9,Annual,0,0,Healthcare,0
CUST_0053,39,1376.76,192,10,2,40,5,Multi-year,1,1,Healthcare,0
CUST_0054,18,5070.88,50,13,6,23,10,Annual,1,1,Retail,1
CUST_0055,4,7033.95,23,17,4,56,2,Annual,1,0,Healthcare,0
CUST_0056,25,5360.74,72,20,3,6,4,Multi-year,1,1,Retail,1
CUST_0057,14,1991.29,106,20,2,86,4,Annual,1,0,Retail,1
CUST_0058,50,4084.22,46,4,1,50,4,Annual,1,1,Retail,0
CUST_0059,58,524.65,36,15,5,102,7,Monthly,1,1,HR-Tech,1
CUST_0060,9,8748.86,171,19,2,37,8,Annual,1,1,Fintech,0
CUST_0061,26,1302.91,113,4,2,109,8,Monthly,0,1,HR-Tech,1
CUST_0062,53,6174.14,40,2,7,64,5,Monthly,0,1,Retail,1
CUST_0063,2,9869.44,101,11,8,115,5,Monthly,1,1,Fintech,1
CUST_0064,20,5597.61,168,0,8,54,8,Monthly,1,0,Fintech,0
CUST_0065,28,9278.4,135,20,4,72,3,Multi-year,1,0,Retail,1
CUST_0066,47,2743.11,77,28,1,105,5,Monthly,0,1,Fintech,1
CUST_0067,7,7719.58,140,8,7,49,3,Annual,1,1,Fintech,0
CUST_0068,44,5547.02,101,28,1,99,10,Multi-year,0,1,HR-Tech,0
CUST_0069,8,7344.9,127,8,4,115,0,Annual,0,1,Fintech,0
CUST_0070,47,1092.24,74,3,8,11,6,Monthly,0,0,Retail,0
CUST_0071,35,1903.52,173,2,2,88,9,Annual,1,1,Logistics,1
CUST_0072,14,1764.61,17,16,6,49,10,Annual,1,1,Logistics,0
CUST_0073,17,7028.07,53,1,6,21,5,Annual,1,0,Logistics,0
CUST_0074,36,8522.19,64,23,9,115,8,Annual,1,0,Retail,1
CUST_0075,50,7621.35,134,0,5,66,6,Multi-year,0,1,Logistics,1
CUST_0076,40,789.49,192,7,4,63,6,Annual,1,0,HR-Tech,1
CUST_0077,4,8738.54,9,12,5,104,1,Annual,1,0,Retail,1
CUST_0078,2,3864.39,176,22,5,83,10,Annual,1,0,Retail,0
CUST_0079,6,4273.06,31,14,8,103,8,Monthly,0,1,Retail,1
CUST_0080,54,1496.26,164,7,8,28,9,Multi-year,1,1,Fintech,1
CUST_0081,42,7505.35,153,11,2,17,8,Monthly,1,1,Fintech,1
CUST_0082,4,2231.7,12,21,7,6,5,Annual,1,1,Fintech,1
CUST_0083,54,5857.67,54,11,8,19,2,Multi-year,1,0,Healthcare,0
CUST_0084,29,8486.74,71,13,6,56,0,Annual,0,1,HR-Tech,0
CUST_0085,18,1347.44,48,14,5,102,3,Annual,1,0,Retail,0
CUST_0086,26,5585.69,129,14,9,28,2,Annual,0,0,Retail,1
CUST_0087,44,2715.56,62,8,3,66,0,Multi-year,1,1,Fintech,1
CUST_0088,34,3757.81,7,18,4,38,2,Annual,1,1,Retail,0
CUST_0089,10,5002.71,90,25,9,119,3,Multi-year,0,0,Retail,1
CUST_0090,36,3873.49,74,19,6,37,7,Monthly,1,0,Logistics,0
CUST_0091,14,6663.82,134,28,8,115,8,Annual,1,1,Retail,0
CUST_0092,31,5056.03,176,21,7,116,2,Multi-year,0,0,Healthcare,1
CUST_0093,48,6049.9,6,7,2,68,5,Monthly,1,0,Fintech,0
CUST_0094,15,7499.81,106,20,3,86,9,Annual,1,0,HR-Tech,0
CUST_0095,8,5798.55,39,18,1,90,10,Monthly,1,0,HR-Tech,1
CUST_0096,14,6072.09,102,5,9,49,4,Annual,1,1,Logistics,0
CUST_0097,23,5862.36,34,19,7,43,5,Annual,1,0,HR-Tech,0
CUST_0098,57,4098.34,120,24,1,36,3,Annual,1,0,HR-Tech,1
CUST_0099,40,3705.74,12,28,3,58,9,Monthly,1,1,Fintech,1
CUST_0100,21,9046.65,154,18,4,13,5,Monthly,1,1,Fintech,0
CUST_0101,16,6271.77,48,3,4,52,6,Monthly,0,0,Healthcare,1
CUST_0102,45,2821.35,190,22,5,58,8,Annual,1,0,Logistics,0
CUST_0103,18,5233.35,40,6,3,32,9,Annual,1,0,HR-Tech,0
CUST_0104,47,3638.31,81,27,3,81,6,Multi-year,0,1,Healthcare,1
CUST_0105,53,9370.07,35,27,1,105,5,Annual,1,1,Logistics,0
CUST_0106,24,571.58,51,3,7,100,0,Annual,1,1,HR-Tech,1
CUST_0107,26,2640.66,59,21,1,119,1,Multi-year,1,1,HR-Tech,1
CUST_0108,25,3970.89,110,11,2,60,0,Annual,0,1,Fintech,1
CUST_0109,45,5134.19,194,12,4,110,8,Multi-year,0,1,Retail,0
CUST_0110,41,8582.77,162,2,4,83,9,Annual,1,1,Logistics,0
CUST_0111,29,1334.93,125,21,5,58,9,Monthly,1,0,HR-Tech,0
CUST_0112,15,8155.72,59,11,2,99,8,Monthly,0,1,Logistics,1
CUST_0113,45,1028.71,148,1,4,110,6,Annual,1,0,Healthcare,0
CUST_0114,1,8501.98,16,23,1,104,1,Monthly,0,0,Healthcare,1
CUST_0115,25,990.54,149,1,2,56,5,Annual,1,1,Retail,0
CUST_0116,7,673.3,148,26,1,28,10,Annual,1,0,HR-Tech,1
CUST_0117,9,7121.13,144,22,4,1,3,Annual,1,1,Fintech,0
CUST_0118,24,9973.93,140,8,4,42,0,Annual,1,1,HR-Tech,1
CUST_0119,1,9017.8,7,0,7,82,0,Monthly,1,1,Logistics,0
CUST_0120,44,5971.98,148,7,9,48,4,Annual,1,1,Healthcare,1
CUST_0121,8,9215.26,34,22,9,40,1,Annual,1,0,Logistics,1
CUST_0122,24,550.35,27,5,5,97,3,Multi-year,1,1,Retail,0
CUST_0123,11,9763.14,96,5,1,63,0,Annual,0,1,Healthcare,0
CUST_0124,51,5162.11,119,21,1,76,3,Multi-year,1,1,Fintech,1
CUST_0125,17,7367.51,108,24,6,72,10,Annual,1,1,Healthcare,0
CUST_0126,8,8298.18,122,17,2,88,5,Annual,0,0,HR-Tech,1
CUST_0127,35,7325.34,9,16,8,80,9,Monthly,1,1,HR-Tech,0
CUST_0128,35,5582.85,108,28,9,114,3,Annual,0,0,Healthcare,0
CUST_0129,33,5027.89,112,11,4,4,0,Annual,1,1,Retail,0
CUST_0130,59,8466.53,69,5,5,38,6,Annual,1,0,HR-Tech,0
CUST_0131,5,2448.24,125,25,8,108,1,Annual,0,1,HR-Tech,1
CUST_0132,42,9695.94,34,26,3,27,8,Annual,1,0,Fintech,0
CUST_0133,39,7254.05,153,7,5,9,2,Annual,1,0,Healthcare,0
CUST_0134,58,2395.32,88,18,3,111,7,Annual,1,1,HR-Tech,0
CUST_0135,41,7494.35,154,27,3,16,7,Monthly,1,1,Retail,1
CUST_0136,28,5533.48,36,9,3,56,2,Multi-year,1,1,Logistics,0
CUST_0137,7,7218.69,165,0,7,76,3,Monthly,1,1,Healthcare,1
CUST_0138,9,7793.91,20,24,7,31,1,Monthly,1,1,Fintech,0
CUST_0139,8,1329.26,42,28,7,88,3,Annual,1,1,HR-Tech,1
CUST_0140,12,5307.99,146,12,8,119,10,Annual,1,0,Retail,0
CUST_0141,34,9354.14,40,16,5,14,10,Annual,1,1,Healthcare,0
CUST_0142,33,3546.1,155,2,5,109,10,Monthly,1,0,Retail,1
CUST_0143,48,6141.89,118,7,4,25,8,Annual,1,1,Retail,1
CUST_0144,55,4007.69,70,13,7,34,1,Annual,1,1,Fintech,0
CUST_0145,23,4815.55,109,2,4,67,2,Multi-year,1,1,Healthcare,1
CUST_0146,24,5711.73,89,15,2,24,10,Multi-year,1,1,HR-Tech,0
CUST_0147,37,5714.76,6,12,4,118,10,Annual,1,1,Fintech,1
CUST_0148,35,2416.44,197,19,8,106,3,Annual,1,1,HR-Tech,1
CUST_0149,44,7003.43,79,23,9,73,4,Annual,1,0,Logistics,0
CUST_0150,40,1334.75,71,16,3,26,0,Monthly,1,1,Retail,0
CUST_0151,22,1818.84,184,12,7,20,6,Annual,1,0,Logistics,1
CUST_0152,27,525.75,194,28,9,64,9,Annual,1,1,Retail,0
CUST_0153,35,1608.61,155,5,4,104,6,Multi-year,0,0,Fintech,1
CUST_0154,1,4995.08,158,16,3,10,8,Monthly,1,0,HR-Tech,0
CUST_0155,35,6257.97,59,13,5,83,3,Annual,1,0,HR-Tech,0
CUST_0156,37,8045.75,10,16,1,67,5,Annual,1,1,Fintech,1
CUST_0157,47,1513.64,167,29,3,24,10,Annual,0,1,Healthcare,0
CUST_0158,14,8581.91,154,7,8,5,1,Monthly,1,0,Logistics,0
CUST_0159,3,7586.76,175,10,8,67,3,Multi-year,1,1,Logistics,0
CUST_0160,1,4380.92,147,19,4,58,1,Annual,0,0,HR-Tech,1
CUST_0161,5,9362.91,90,27,2,27,9,Annual,1,1,HR-Tech,0
CUST_0162,26,9913.83,64,0,8,80,4,Monthly,1,1,HR-Tech,1
CUST_0163,55,2447.52,105,25,8,113,6,Annual,1,1,Fintech,0
CUST_0164,14,4102.67,16,6,4,15,0,Annual,1,1,Healthcare,0
CUST_0165,39,9301.27,53,20,3,35,9,Monthly,1,0,Logistics,0
CUST_0166,27,7355.17,46,20,2,76,9,Monthly,1,1,Retail,0
CUST_0167,9,956.9,170,16,9,105,6,Multi-year,1,1,Fintech,0
CUST_0168,15,7924.39,86,29,1,53,9,Monthly,1,1,Logistics,1
CUST_0169,15,8365.44,177,9,7,44,5,Monthly,1,1,Healthcare,0
CUST_0170,26,7629.77,39,10,5,26,5,Annual,1,0,Fintech,0
CUST_0171,42,8095.6,162,21,8,47,7,Annual,1,1,Logistics,0
CUST_0172,13,8338.76,162,29,4,34,7,Monthly,1,1,Fintech,0
CUST_0173,51,2270.85,138,8,7,87,5,Annual,1,0,Logistics,0
CUST_0174,32,2739.07,71,8,5,95,2,Monthly,0,0,Logistics,0
CUST_0175,39,6520.71,84,23,5,50,4,Monthly,1,0,Healthcare,1
CUST_0176,49,9124.73,11,4,9,84,1,Monthly,1,1,Retail,0
CUST_0177,52,3503.87,184,16,9,12,4,Multi-year,1,1,Healthcare,0
CUST_0178,32,6088.91,18,8,9,87,8,Monthly,1,0,Logistics,1
CUST_0179,4,6988.33,77,16,6,4,9,Monthly,1,0,Fintech,0
CUST_0180,30,4793.51,147,23,6,87,0,Annual,1,1,Healthcare,1
CUST_0181,37,7280.93,153,20,5,48,9,Multi-year,0,1,Retail,1
CUST_0182,23,9046.84,167,18,9,55,4,Monthly,1,0,Logistics,1
CUST_0183,39,6428.96,70,26,8,112,5,Annual,0,0,Healthcare,1
CUST_0184,45,5627.92,95,6,7,1,10,Monthly,1,1,Healthcare,0
CUST_0185,15,4668.07,134,22,7,118,6,Annual,1,0,Healthcare,0
CUST_0186,43,5986.12,167,8,6,89,8,Annual,1,0,Healthcare,0
CUST_0187,29,3875.94,24,6,5,66,5,Annual,1,1,Fintech,0
CUST_0188,36,4219.08,14,12,4,30,4,Annual,1,1,Retail,0
CUST_0189,13,5552.65,29,10,3,3,6,Annual,0,0,Retail,0
CUST_0190,32,1132.88,198,13,3,21,0,Monthly,0,0,Logistics,1
CUST_0191,7,2675.74,29,18,6,89,10,Annual,1,0,HR-Tech,0
CUST_0192,59,5657.07,58,10,4,84,4,Monthly,0,0,Fintech,1
CUST_0193,51,4599.52,37,12,6,49,1,Annual,0,1,Logistics,0
CUST_0194,22,3661.75,168,13,3,116,3,Multi-year,1,1,Logistics,0
CUST_0195,28,7440.22,99,12,4,86,6,Multi-year,1,1,Healthcare,1
CUST_0196,2,7090.32,18,0,9,85,4,Multi-year,1,1,HR-Tech,1
CUST_0197,42,2083.94,69,7,5,62,5,Annual,1,1,HR-Tech,0
CUST_0198,45,8846.98,114,11,7,97,1,Annual,1,0,Fintech,1
CUST_0199,57,5206.52,84,18,2,116,2,Monthly,1,1,HR-Tech,0
CUST_0200,53,7543.88,58,11,5,38,6,Annual,1,1,Logistics,0
CUST_0201,6,5944.93,129,7,9,15,10,Annual,1,1,HR-Tech,0
CUST_0202,28,9978.08,184,7,3,110,1,Annual,1,0,HR-Tech,1
CUST_0203,28,7647.83,135,28,9,52,5,Annual,1,1,Retail,0
CUST_0204,44,7216.31,173,20,6,79,4,Monthly,1,1,Logistics,1
CUST_0205,44,7896.43,138,12,4,46,9,Annual,0,1,HR-Tech,0
CUST_0206,20,1859.72,29,11,7,25,0,Multi-year,0,0,HR-Tech,0
CUST_0207,30,2443.17,145,28,8,21,10,Monthly,0,1,Healthcare,1
CUST_0208,11,7283.61,121,15,6,88,9,Annual,1,1,HR-Tech,1
CUST_0209,58,5192.82,140,0,5,5,10,Multi-year,1,1,HR-Tech,0
CUST_0210,55,7669.04,153,12,6,70,3,Annual,1,1,Retail,1
CUST_0211,28,1477.7,29,25,5,113,10,Annual,1,0,Logistics,0
CUST_0212,25,5596.57,83,6,8,107,1,Monthly,1,0,Fintech,0
CUST_0213,39,4098.8,72,27,1,112,3,Annual,0,0,Logistics,0
CUST_0214,33,4841.5,177,25,7,108,0,Multi-year,1,1,Healthcare,1
CUST_0215,1,6237.6,192,4,2,47,1,Annual,1,0,Logistics,0
CUST_0216,57,5271.74,16,7,9,87,7,Annual,1,1,HR-Tech,0
CUST_0217,27,5628.68,36,24,1,68,5,Monthly,1,1,Healthcare,1
CUST_0218,57,5120.4,132,26,6,91,1,Monthly,0,0,Logistics,1
CUST_0219,52,4385.07,100,13,9,18,5,Multi-year,0,1,Healthcare,0
CUST_0220,13,7832.88,96,22,1,21,9,Annual,0,1,Fintech,0
CUST_0221,41,615.93,145,29,4,92,8,Annual,1,1,Logistics,0
CUST_0222,3,6185.21,35,12,4,99,6,Monthly,1,1,HR-Tech,1
CUST_0223,39,5872.33,82,14,9,86,8,Annual,1,1,Healthcare,0
CUST_0224,6,7303.7,24,22,5,104,4,Multi-year,1,0,Retail,1
CUST_0225,8,6190.78,150,16,5,23,6,Annual,1,1,Healthcare,1
CUST_0226,27,8354.59,64,14,6,64,10,Monthly,1,0,Retail,0
CUST_0227,9,9611.21,195,19,1,67,6,Annual,0,1,HR-Tech,1
CUST_0228,37,3753.98,138,17,1,40,2,Annual,1,0,Fintech,1
CUST_0229,33,2659.83,164,17,9,114,6,Annual,1,1,Retail,1
CUST_0230,51,4524.17,97,1,3,10,0,Multi-year,0,1,Fintech,0
CUST_0231,42,3235.33,47,3,4,89,8,Annual,1,1,Healthcare,0
CUST_0232,44,6342.03,134,29,1,52,9,Multi-year,1,0,HR-Tech,0
CUST_0233,24,9162.6,64,0,9,113,5,Annual,1,1,Retail,0
CUST_0234,15,1821.6,155,3,8,72,4,Monthly,1,1,Healthcare,0
CUST_0235,59,1457.55,35,17,2,119,6,Annual,1,1,Logistics,0
CUST_0236,54,2932.15,9,4,8,75,4,Monthly,1,0,Healthcare,0
CUST_0237,32,7397.91,166,18,7,61,9,Multi-year,0,1,Fintech,0
CUST_0238,32,6133.15,14,14,6,64,4,Annual,0,1,HR-Tech,0
CUST_0239,24,1471.02,93,27,1,5,10,Annual,0,0,HR-Tech,1
CUST_0240,41,9228.13,134,7,7,109,9,Annual,0,1,Healthcare,0
CUST_0241,52,8005.8,130,19,7,53,10,Monthly,1,1,Logistics,0
CUST_0242,49,718.71,15,16,9,55,6,Annual,1,1,Fintech,1
CUST_0243,49,6687.99,182,0,1,37,9,Annual,0,0,Healthcare,0
CUST_0244,58,7826.84,163,11,2,56,6,Monthly,1,1,Healthcare,1
CUST_0245,52,4057.14,60,25,9,59,10,Annual,0,1,HR-Tech,1
CUST_0246,12,1154.75,87,18,9,109,2,Monthly,1,1,Fintech,0
CUST_0247,39,1234.55,141,14,6,102,2,Annual,1,1,Logistics,1
CUST_0248,2,1490.35,103,8,6,93,9,Annual,1,1,HR-Tech,0
CUST_0249,3,8484.18,153,6,4,69,2,Monthly,1,1,Healthcare,1
CUST_0250,49,9151.52,77,1,4,73,5,Multi-year,1,0,HR-Tech,0
CUST_0251,37,1666.7,160,28,5,59,5,Monthly,1,1,HR-Tech,0
CUST_0252,49,2741.11,194,8,3,112,2,Monthly,1,1,Retail,1
CUST_0253,56,2072.44,119,9,1,2,2,Monthly,0,0,HR-Tech,0
CUST_0254,17,2270.05,11,1,1,65,7,Annual,0,0,HR-Tech,0
CUST_0255,59,8456.16,84,18,7,104,7,Annual,0,1,Fintech,1
CUST_0256,49,3655.39,148,10,1,60,6,Annual,1,1,HR-Tech,0
CUST_0257,2,3458.72,101,12,1,51,9,Monthly,0,0,Logistics,1
CUST_0258,2,2660.26,8,9,3,30,3,Monthly,1,1,Healthcare,1
CUST_0259,28,6275.0,8,13,4,11,3,Annual,1,0,Fintech,1
CUST_0260,54,4103.4,107,17,4,92,2,Multi-year,1,1,HR-Tech,1
CUST_0261,23,7570.37,44,18,2,108,4,Multi-year,1,1,Logistics,0
CUST_0262,37,2453.01,21,21,1,76,2,Monthly,0,1,Healthcare,1
CUST_0263,32,7984.0,105,8,3,39,7,Annual,0,0,Fintech,1
CUST_0264,33,6235.35,107,24,4,90,6,Multi-year,1,1,Logistics,1
CUST_0265,1,1585.54,128,6,3,77,2,Annual,1,0,HR-Tech,1
CUST_0266,19,4437.79,56,27,8,72,8,Multi-year,1,1,Retail,0
CUST_0267,2,8703.42,56,2,1,63,4,Monthly,0,1,Retail,1
CUST_0268,53,9268.12,168,19,2,64,8,Multi-year,1,1,Fintech,0
CUST_0269,44,4924.15,128,5,7,61,6,Annual,0,0,Logistics,1
CUST_0270,26,5067.95,170,26,4,54,6,Multi-year,1,1,Healthcare,0
CUST_0271,32,9225.32,182,20,8,92,5,Annual,1,1,Logistics,0
CUST_0272,6,6077.15,67,1,3,94,1,Annual,1,0,Retail,1
CUST_0273,32,812.04,120,28,6,73,8,Multi-year,0,1,Fintech,1
CUST_0274,55,9171.12,195,5,9,103,5,Monthly,0,1,HR-Tech,0
CUST_0275,4,2858.15,66,2,1,95,7,Annual,1,1,Logistics,0
CUST_0276,55,5987.5,11,15,1,58,0,Annual,1,1,Retail,0
CUST_0277,11,2072.38,159,29,8,85,4,Annual,1,1,Healthcare,0
CUST_0278,56,821.85,96,7,3,56,0,Multi-year,1,0,Fintech,0
CUST_0279,59,3459.0,18,1,5,111,9,Monthly,1,1,HR-Tech,0
CUST_0280,17,7914.71,90,16,1,34,10,Annual,0,1,Logistics,0
CUST_0281,38,3137.08,137,8,5,119,7,Annual,1,0,Healthcare,1
CUST_0282,24,2590.92,187,29,6,31,7,Monthly,1,1,HR-Tech,0
CUST_0283,5,2520.47,134,11,8,52,0,Annual,1,1,Retail,0
CUST_0284,52,5394.15,66,2,3,89,8,Monthly,0,1,Retail,1
CUST_0285,34,9767.64,153,10,3,76,1,Annual,1,0,Healthcare,0
CUST_0286,6,4860.4,83,0,9,1,8,Multi-year,1,0,Retail,0
CUST_0287,22,5794.4,153,22,4,55,0,Annual,1,1,Fintech,1
CUST_0288,11,8676.0,142,12,4,22,9,Annual,1,0,Healthcare,0
CUST_0289,48,5583.16,62,14,7,40,8,Multi-year,0,1,Retail,0
CUST_0290,16,2252.4,124,25,2,101,3,Annual,1,0,Logistics,1
CUST_0291,33,3346.16,171,4,8,111,8,Multi-year,1,0,Retail,0
CUST_0292,9,3444.4,137,20,6,1,6,Annual,1,1,Fintech,0
CUST_0293,59,4274.52,69,29,3,65,10,Multi-year,1,0,HR-Tech,0
CUST_0294,6,4554.49,17,16,9,63,5,Monthly,0,1,HR-Tech,0
CUST_0295,16,8097.93,185,24,5,106,4,Multi-year,1,1,Retail,1
CUST_0296,29,3819.18,86,22,8,54,10,Monthly,0,0,HR-Tech,1
CUST_0297,3,4948.2,177,23,7,42,8,Annual,1,0,Retail,1
CUST_0298,20,6437.27,164,24,8,21,1,Annual,1,1,Fintech,0
CUST_0299,59,4088.4,168,5,7,79,10,Annual,1,0,HR-Tech,0
CUST_0300,36,8447.37,192,27,3,81,1,Annual,1,1,Logistics,1
CUST_0301,19,6080.81,143,20,2,22,10,Annual,0,1,Retail,0
CUST_0302,26,3293.42,195,21,7,38,8,Annual,1,1,HR-Tech,0
CUST_0303,3,7283.56,153,10,3,99,2,Monthly,1,1,Fintech,0
CUST_0304,19,5512.65,56,17,3,109,7,Monthly,0,1,Fintech,1
CUST_0305,20,5577.33,187,3,2,80,10,Monthly,1,1,Logistics,1
CUST_0306,32,5070.34,121,2,4,8,8,Annual,1,0,Fintech,0
CUST_0307,7,5221.61,30,12,8,62,7,Monthly,0,0,Fintech,1
CUST_0308,52,7770.88,38,22,1,47,3,Annual,1,0,HR-Tech,0
CUST_0309,41,1478.32,56,8,1,17,0,Annual,0,1,Retail,1
CUST_0310,33,3676.45,116,20,5,17,3,Monthly,1,1,Healthcare,1
CUST_0311,40,1217.28,86,5,5,118,8,Annual,0,1,Fintech,1
CUST_0312,39,7655.84,184,25,1,90,1,Multi-year,1,0,Fintech,0
CUST_0313,18,3086.87,161,29,6,13,2,Monthly,1,1,Healthcare,0
CUST_0314,40,9025.59,170,27,1,17,9,Annual,1,1,Fintech,0
CUST_0315,1,5502.5,46,11,5,38,7,Annual,1,0,HR-Tech,0
CUST_0316,11,8107.12,25,1,9,81,5,Annual,1,1,HR-Tech,1
CUST_0317,28,9799.85,46,2,5,112,7,Annual,1,0,Healthcare,0
CUST_0318,57,8477.99,145,2,6,78,6,Annual,0,1,Fintech,0
CUST_0319,25,8736.44,117,27,8,45,4,Annual,1,0,Fintech,0
CUST_0320,50,4375.85,109,11,1,6,8,Monthly,1,1,Retail,0
CUST_0321,23,5741.36,196,14,2,35,3,Annual,1,1,Fintech,1
CUST_0322,31,2911.94,21,8,9,110,5,Annual,1,1,HR-Tech,0
CUST_0323,30,2363.07,124,22,3,14,1,Monthly,1,1,Logistics,1
CUST_0324,42,5302.32,141,7,6,111,1,Annual,1,1,Logistics,0
CUST_0325,35,6152.97,173,10,5,72,1,Multi-year,1,1,Logistics,1
CUST_0326,7,3723.08,133,15,2,61,9,Annual,0,1,Logistics,0
CUST_0327,16,5909.71,134,25,7,15,6,Annual,1,0,Fintech,0
CUST_0328,26,8930.87,64,26,4,54,1,Multi-year,1,1,Fintech,0
CUST_0329,48,5788.86,52,24,1,27,1,Annual,1,0,Retail,1
CUST_0330,57,7347.72,33,21,4,13,8,Annual,1,0,Fintech,0
CUST_0331,52,8150.49,101,3,6,113,6,Annual,0,1,Logistics,1
CUST_0332,49,9892.92,14,27,7,31,10,Multi-year,1,1,Healthcare,1
CUST_0333,2,6230.38,62,0,7,117,2,Annual,1,0,Healthcare,1
CUST_0334,1,8165.08,192,23,7,35,2,Annual,0,1,HR-Tech,0
CUST_0335,48,9645.17,25,6,3,60,6,Annual,1,1,HR-Tech,0
CUST_0336,12,9471.89,32,1,6,6,4,Multi-year,0,1,Fintech,0
CUST_0337,5,1840.28,38,23,8,69,9,Annual,1,0,Healthcare,1
CUST_0338,37,4360.73,12,27,4,86,5,Monthly,0,1,Logistics,1
CUST_0339,32,3577.91,191,4,8,58,7,Multi-year,1,0,Logistics,0
CUST_0340,59,1325.79,181,6,2,49,8,Annual,1,1,Logistics,0
CUST_0341,55,6515.79,83,3,9,23,0,Monthly,1,0,Fintech,0
CUST_0342,9,7491.09,149,4,9,89,2,Annual,1,0,Fintech,1
CUST_0343,41,8557.22,192,23,8,34,10,Annual,1,1,Retail,0
CUST_0344,35,1666.38,91,0,1,26,6,Multi-year,1,1,Logistics,1
CUST_0345,19,8826.22,92,0,2,47,5,Monthly,0,0,Logistics,0
CUST_0346,48,6607.79,177,14,6,5,6,Multi-year,1,0,Fintech,0
CUST_0347,16,7187.49,73,19,5,90,7,Annual,0,1,Fintech,0
CUST_0348,3,9150.93,164,18,9,20,5,Monthly,1,0,Retail,0
CUST_0349,20,6435.23,176,28,5,6,2,Multi-year,1,1,Retail,0
CUST_0350,24,3690.73,197,9,2,70,1,Annual,1,0,HR-Tech,1
CUST_0351,54,8338.52,91,27,4,59,6,Monthly,1,0,Healthcare,0
CUST_0352,56,3949.06,105,17,9,64,10,Annual,0,0,Logistics,0
CUST_0353,33,825.17,12,27,1,114,0,Multi-year,1,1,Logistics,1
CUST_0354,24,8391.22,81,2,1,18,2,Annual,1,0,Retail,0
CUST_0355,52,3779.33,91,10,7,4,10,Monthly,1,0,Retail,1
CUST_0356,11,7851.43,47,14,3,17,3,Monthly,1,1,HR-Tech,1
CUST_0357,49,3946.2,133,26,2,14,0,Monthly,0,1,Healthcare,0
CUST_0358,8,8680.15,113,29,9,78,4,Annual,1,0,HR-Tech,1
CUST_0359,36,2585.35,183,10,3,13,9,Annual,1,1,Healthcare,1
CUST_0360,38,9758.2,156,16,2,7,2,Monthly,1,1,Logistics,1
CUST_0361,40,7907.71,156,16,8,44,1,Monthly,1,0,HR-Tech,1
CUST_0362,20,1585.26,21,5,6,119,2,Annual,1,0,Retail,1
CUST_0363,35,5874.88,137,4,6,15,7,Multi-year,1,1,HR-Tech,0
CUST_0364,48,9860.99,152,7,7,19,5,Annual,0,1,HR-Tech,0
CUST_0365,25,4975.12,25,1,7,63,6,Multi-year,1,1,Logistics,0
CUST_0366,35,2230.02,62,15,6,107,5,Annual,1,0,Retail,1
CUST_0367,25,5105.39,163,19,4,111,5,Monthly,1,0,Retail,1
CUST_0368,29,5368.35,114,23,9,108,2,Multi-year,1,1,Fintech,0
CUST_0369,18,7546.03,143,11,6,35,7,Annual,1,0,Fintech,0
CUST_0370,46,7139.04,184,5,4,81,6,Annual,1,1,Fintech,0
CUST_0371,18,4324.23,147,0,3,35,6,Multi-year,1,1,Logistics,1
CUST_0372,2,2571.22,139,3,4,19,5,Monthly,1,0,HR-Tech,1
CUST_0373,54,6628.01,32,16,3,20,4,Monthly,1,1,Retail,1
CUST_0374,35,4506.19,55,12,2,100,9,Annual,1,1,Retail,0
CUST_0375,16,1756.62,190,17,5,35,7,Monthly,0,1,HR-Tech,0
CUST_0376,41,9055.44,9,4,2,32,4,Monthly,1,0,Retail,0
CUST_0377,36,7066.61,9,29,6,48,8,Monthly,1,0,HR-Tech,0
CUST_0378,33,6990.25,98,23,3,44,8,Monthly,1,1,Logistics,0
CUST_0379,4,8314.55,100,23,6,104,0,Annual,1,0,Logistics,1
CUST_0380,33,5531.79,12,26,9,24,5,Monthly,1,1,Logistics,0
CUST_0381,14,8243.02,68,2,1,61,6,Annual,1,0,HR-Tech,0
CUST_0382,21,5231.86,142,10,6,17,2,Annual,0,1,HR-Tech,0
CUST_0383,48,1138.17,42,12,9,71,6,Annual,1,0,Healthcare,0
CUST_0384,20,4349.86,115,3,4,107,10,Monthly,1,1,Retail,0
CUST_0385,56,5225.92,116,25,2,50,10,Annual,1,0,Retail,0
CUST_0386,8,7341.92,85,26,4,65,6,Monthly,1,1,Healthcare,1
CUST_0387,7,1512.5,140,13,1,99,10,Annual,1,0,Healthcare,1
CUST_0388,3,1830.18,108,21,3,32,1,Multi-year,1,1,Logistics,0
CUST_0389,17,3005.0,157,10,9,36,6,Annual,1,0,Healthcare,0
CUST_0390,33,3031.73,77,26,5,13,0,Annual,1,1,HR-Tech,0
CUST_0391,48,7455.75,198,9,6,70,4,Annual,1,1,Fintech,0
CUST_0392,12,2881.94,182,18,3,58,8,Annual,1,0,HR-Tech,0
CUST_0393,59,6514.43,199,17,5,14,6,Multi-year,1,1,Healthcare,1
CUST_0394,51,5195.6,53,5,8,37,6,Multi-year,1,0,Retail,0
CUST_0395,22,5946.3,40,26,6,112,10,Annual,1,1,HR-Tech,0
CUST_0396,55,8462.02,130,28,4,79,1,Annual,1,1,Retail,1
CUST_0397,22,4341.62,72,14,2,111,7,Multi-year,1,0,HR-Tech,0
CUST_0398,46,7823.66,82,20,9,68,2,Multi-year,1,0,Retail,1
CUST_0399,30,4509.34,109,29,1,40,7,Annual,1,0,HR-Tech,0
CUST_0400,38,3861.78,173,9,1,59,2,Annual,1,1,Retail,0
CUST_0401,38,9606.96,126,4,4,80,9,Monthly,1,0,Fintech,0
CUST_0402,45,2251.52,123,25,7,92,6,Multi-year,1,1,Logistics,1
CUST_0403,51,1358.2,194,28,1,16,1,Monthly,1,1,HR-Tech,1
CUST_0404,54,7824.37,118,4,9,62,3,Annual,0,1,Fintech,0
CUST_0405,8,1148.37,14,9,4,4,10,Monthly,1,0,Logistics,1
CUST_0406,27,8452.25,153,27,3,45,5,Monthly,1,1,HR-Tech,0
CUST_0407,27,4653.34,168,4,1,90,10,Annual,1,1,Fintech,0
CUST_0408,34,9197.38,144,2,4,28,8,Multi-year,1,1,Fintech,0
CUST_0409,21,7354.56,95,22,9,96,4,Monthly,0,0,Fintech,0
CUST_0410,30,6298.84,6,5,6,109,8,Annual,0,0,Healthcare,0
CUST_0411,33,9518.41,122,3,6,66,4,Monthly,1,0,Retail,0
CUST_0412,28,4268.17,17,17,1,31,9,Monthly,1,1,Logistics,1
CUST_0413,47,9563.83,185,27,2,3,7,Annual,1,0,Retail,0
CUST_0414,33,1782.51,164,8,6,118,0,Annual,0,1,Retail,1
CUST_0415,5,5095.67,99,16,2,8,6,Monthly,0,0,Retail,0
CUST_0416,48,3064.16,148,28,3,24,3,Annual,1,1,Fintech,0
CUST_0417,19,5628.51,36,12,4,15,4,Monthly,1,1,Retail,1
CUST_0418,4,2039.13,36,26,5,43,5,Annual,1,1,Healthcare,1
CUST_0419,35,8494.53,128,14,9,31,4,Multi-year,1,0,HR-Tech,0
CUST_0420,49,8540.87,15,29,4,73,0,Multi-year,1,0,Fintech,0
CUST_0421,17,9574.74,14,19,9,103,8,Annual,0,0,Logistics,0
CUST_0422,44,1969.39,19,16,3,45,1,Annual,0,0,HR-Tech,1
CUST_0423,28,6421.66,21,12,8,66,8,Multi-year,1,1,HR-Tech,1
CUST_0424,30,5005.25,172,15,1,8,9,Monthly,1,1,HR-Tech,0
CUST_0425,29,3771.65,150,21,9,71,1,Multi-year,1,1,Retail,0
CUST_0426,46,3839.63,187,3,9,108,8,Multi-year,1,0,Retail,0
CUST_0427,53,4421.54,157,4,2,115,5,Monthly,1,1,Fintech,0
CUST_0428,6,7196.79,63,4,4,103,10,Monthly,1,1,Retail,0
CUST_0429,35,6183.72,82,8,8,106,8,Multi-year,1,1,Retail,1
CUST_0430,41,4866.97,128,16,7,57,5,Annual,0,0,Retail,1
CUST_0431,37,1221.37,118,12,1,80,5,Monthly,1,1,Fintech,1
CUST_0432,24,1238.77,26,1,5,99,10,Monthly,1,1,Fintech,1
CUST_0433,29,522.22,162,12,7,30,1,Annual,1,1,Healthcare,1
CUST_0434,49,9693.14,176,21,4,74,7,Annual,1,1,Healthcare,0
CUST_0435,46,549.91,36,20,1,102,2,Annual,0,0,Healthcare,1
CUST_0436,53,1479.39,183,26,9,18,6,Multi-year,1,0,Healthcare,1
CUST_0437,31,3488.67,178,22,5,114,4,Monthly,0,1,HR-Tech,0
CUST_0438,35,8170.59,117,18,2,69,2,Annual,1,1,HR-Tech,0
CUST_0439,33,9639.94,124,2,8,117,0,Annual,1,0,Healthcare,0
CUST_0440,52,8005.13,153,9,2,93,7,Annual,1,1,Healthcare,0
CUST_0441,21,7060.32,126,1,3,39,2,Monthly,1,1,Logistics,1
CUST_0442,32,5452.36,36,12,1,60,1,Multi-year,1,1,HR-Tech,0
CUST_0443,23,1323.7,123,18,2,98,0,Multi-year,1,0,Logistics,1
CUST_0444,33,9602.62,43,25,7,43,3,Annual,1,1,Logistics,1
CUST_0445,3,7704.73,16,16,2,45,7,Annual,0,1,Retail,0
CUST_0446,18,6570.02,179,20,6,23,2,Monthly,1,1,Fintech,0
CUST_0447,25,7710.84,22,13,3,69,0,Annual,1,1,HR-Tech,1
CUST_0448,42,7378.98,153,11,4,94,3,Annual,1,1,Healthcare,1
CUST_0449,31,6553.7,145,20,8,6,8,Annual,1,1,Healthcare,0
CUST_0450,54,9815.48,153,11,3,56,0,Multi-year,1,0,Fintech,0
CUST_0451,58,9081.96,130,10,6,110,10,Annual,1,1,HR-Tech,0
CUST_0452,3,6643.32,140,6,1,108,1,Annual,0,1,Healthcare,1
CUST_0453,40,7085.16,50,3,7,4,8,Annual,1,0,Healthcare,1
CUST_0454,46,990.16,108,18,8,93,1,Monthly,1,1,Retail,1
CUST_0455,24,6864.22,139,0,8,23,2,Annual,1,1,Logistics,0
CUST_0456,50,919.57,155,27,3,6,6,Annual,1,1,Healthcare,0
CUST_0457,32,6088.51,90,23,1,32,2,Annual,1,0,HR-Tech,1
CUST_0458,47,9993.86,154,28,9,106,8,Annual,1,1,Fintech,0
CUST_0459,22,5780.16,93,2,6,18,5,Annual,1,0,Retail,1
CUST_0460,23,4995.5,26,12,9,15,2,Annual,0,0,HR-Tech,1
CUST_0461,2,3472.12,96,14,7,40,8,Annual,1,1,Retail,0
CUST_0462,27,1644.96,33,1,1,96,0,Annual,1,1,Logistics,0
CUST_0463,42,7444.72,17,10,1,73,9,Multi-year,1,1,Healthcare,1
CUST_0464,2,2329.69,6,3,6,101,2,Monthly,1,0,HR-Tech,0
CUST_0465,26,1595.18,33,18,5,74,0,Monthly,1,1,Fintech,0
CUST_0466,17,4506.75,184,28,9,84,1,Annual,1,0,Logistics,0
CUST_0467,40,8055.75,31,16,2,6,7,Monthly,0,1,Logistics,0
CUST_0468,33,7578.11,54,2,8,112,6,Monthly,1,1,Retail,0
CUST_0469,9,1021.38,99,27,5,63,1,Annual,1,1,Logistics,1
CUST_0470,43,4823.87,155,17,2,67,1,Annual,1,0,HR-Tech,1
CUST_0471,54,5463.13,92,7,6,106,8,Annual,1,0,Retail,0
CUST_0472,48,6623.19,48,21,8,11,5,Multi-year,1,1,Logistics,0
CUST_0473,39,6676.59,26,24,4,43,4,Annual,1,0,Fintech,1
CUST_0474,29,3964.62,175,23,2,17,9,Multi-year,1,1,HR-Tech,1
CUST_0475,42,5826.43,169,25,5,96,5,Monthly,0,1,Fintech,1
CUST_0476,55,5070.09,193,18,2,4,8,Annual,1,0,Fintech,1
CUST_0477,26,8907.48,101,4,2,63,10,Multi-year,1,1,Retail,0
CUST_0478,35,5537.52,188,6,6,68,6,Annual,1,1,Healthcare,1
CUST_0479,50,4689.81,7,20,9,81,9,Annual,1,0,Retail,0
CUST_0480,25,4342.61,195,7,4,41,9,Annual,1,0,HR-Tech,0
CUST_0481,24,5938.06,122,27,6,83,8,Monthly,1,0,HR-Tech,0
CUST_0482,13,8137.78,23,4,7,5,3,Annual,1,1,Retail,0
CUST_0483,58,5614.81,27,16,6,32,1,Annual,1,1,Healthcare,1
CUST_0484,7,6785.72,161,4,8,86,7,Multi-year,1,0,Retail,1
CUST_0485,57,7509.63,34,3,4,70,3,Monthly,1,0,HR-Tech,0
CUST_0486,36,5441.6,43,21,1,35,8,Multi-year,1,1,Healthcare,0
CUST_0487,45,4554.76,112,18,7,22,3,Multi-year,1,1,HR-Tech,0
CUST_0488,20,8828.32,115,26,3,65,7,Monthly,1,1,Healthcare,0
CUST_0489,1,4466.31,29,20,6,84,8,Annual,0,0,Healthcare,0
CUST_0490,8,4888.46,132,1,2,22,8,Multi-year,1,0,Retail,1
CUST_0491,46,9908.24,115,10,9,112,9,Multi-year,1,1,Retail,1
CUST_0492,16,502.26,140,21,1,119,3,Annual,1,1,Retail,0
CUST_0493,14,2261.99,110,12,6,11,0,Annual,1,0,Healthcare,0
CUST_0494,12,4147.66,190,14,6,77,2,Annual,1,1,Healthcare,0
CUST_0495,51,9359.6,148,11,5,106,8,Annual,0,1,HR-Tech,1
CUST_0496,23,1165.28,76,21,5,3,3,Monthly,1,1,Fintech,1
CUST_0497,15,590.11,133,20,1,9,4,Annual,1,0,Retail,1
CUST_0498,28,1000.5,112,21,5,60,6,Monthly,1,1,HR-Tech,1
CUST_0499,34,1341.16,9,10,2,76,4,Monthly,0,1,HR-Tech,0
CUST_0500,2,857.17,7,6,7,87,3,Annual,1,1,Logistics,0
CUST_0501,32,5057.92,197,27,3,14,1,Annual,1,0,Retail,0
CUST_0502,23,6017.19,136,4,4,97,1,Annual,1,0,HR-Tech,1
CUST_0503,22,3081.03,108,16,3,18,3,Annual,1,0,Logistics,1
CUST_0504,51,4283.73,68,23,3,113,9,Annual,1,1,Retail,0
CUST_0505,25,1371.14,110,19,4,105,9,Monthly,1,0,Healthcare,1
CUST_0506,58,3695.52,102,8,5,73,8,Annual,1,1,Logistics,0
CUST_0507,22,5463.93,14,13,1,23,7,Multi-year,0,0,Healthcare,0
CUST_0508,58,7456.58,153,25,4,74,2,Annual,1,1,Fintech,1
CUST_0509,58,531.79,132,11,8,83,8,Annual,1,1,Fintech,0
CUST_0510,22,4939.45,50,5,7,47,4,Annual,0,0,Fintech,0
CUST_0511,49,3321.53,159,16,9,69,10,Multi-year,1,0,Fintech,1
CUST_0512,52,8601.81,70,18,5,47,2,Monthly,1,0,HR-Tech,1
CUST_0513,42,7297.76,173,18,4,116,4,Annual,1,1,Fintech,1
CUST_0514,6,6096.53,116,25,8,87,9,Annual,1,1,HR-Tech,0
CUST_0515,15,3134.02,17,15,9,30,3,Annual,1,0,HR-Tech,0
CUST_0516,54,9148.22,141,11,7,25,7,Monthly,1,1,Retail,0
CUST_0517,43,928.46,168,11,7,28,4,Annual,1,0,HR-Tech,1
CUST_0518,37,1539.94,90,19,5,98,9,Monthly,1,0,HR-Tech,1
CUST_0519,33,4220.49,94,5,4,109,7,Annual,1,0,Fintech,0
CUST_0520,8,1682.16,62,22,1,112,8,Annual,1,1,HR-Tech,0
CUST_0521,53,9585.95,58,25,7,111,3,Monthly,1,0,Healthcare,0
CUST_0522,44,8080.9,16,3,1,25,6,Multi-year,0,0,Fintech,0
CUST_0523,44,2960.34,18,5,1,74,1,Monthly,0,0,Logistics,1
CUST_0524,5,6091.27,125,10,5,78,5,Multi-year,1,0,Fintech,1
CUST_0525,39,9832.14,166,0,9,106,7,Annual,1,1,HR-Tech,0
CUST_0526,4,8899.89,185,29,6,110,6,Monthly,0,0,Healthcare,1
CUST_0527,6,6207.59,125,23,3,58,6,Monthly,1,0,Fintech,0
CUST_0528,45,9085.38,24,22,3,94,7,Multi-year,0,1,Healthcare,0
CUST_0529,32,9897.26,79,14,7,119,6,Monthly,1,0,Logistics,0
CUST_0530,52,7561.85,148,26,6,41,4,Monthly,1,1,Logistics,1
CUST_0531,30,1117.37,74,10,9,25,6,Annual,1,1,Retail,0
CUST_0532,47,4315.01,60,24,6,78,9,Annual,1,0,Retail,0
CUST_0533,35,8459.34,105,18,5,99,2,Annual,0,1,Fintech,1
CUST_0534,55,2690.41,190,17,7,116,4,Monthly,1,0,Retail,0
CUST_0535,40,8391.1,136,16,1,48,6,Monthly,1,1,Healthcare,0
CUST_0536,52,1643.22,115,18,7,98,8,Monthly,1,1,Retail,0
CUST_0537,16,945.98,129,20,3,10,1,Monthly,1,0,Healthcare,1
CUST_0538,13,4148.86,136,13,9,99,3,Annual,1,1,Retail,1
CUST_0539,50,848.95,24,26,6,75,6,Annual,1,1,Retail,0
CUST_0540,42,9594.07,142,17,9,11,0,Monthly,0,1,Retail,1
CUST_0541,30,8348.95,28,27,5,85,1,Annual,1,1,HR-Tech,0
CUST_0542,19,8107.31,158,18,7,21,8,Annual,1,1,HR-Tech,0
CUST_0543,17,6482.89,41,14,4,86,9,Multi-year,0,0,Retail,1
CUST_0544,56,2555.08,58,14,7,45,6,Multi-year,1,0,Healthcare,0
CUST_0545,19,5423.47,107,3,1,7,9,Multi-year,1,1,Fintech,0
CUST_0546,28,6174.1,153,6,7,119,6,Monthly,1,0,Logistics,0
CUST_0547,58,5487.8,42,12,8,81,5,Monthly,1,1,HR-Tech,1
CUST_0548,55,2972.22,178,2,5,64,2,Annual,1,0,Retail,0
CUST_0549,26,5394.86,8,15,2,64,9,Monthly,1,0,Logistics,1
CUST_0550,37,5166.27,192,8,5,2,2,Annual,0,0,HR-Tech,0
CUST_0551,26,9965.19,61,7,6,76,1,Annual,1,1,Fintech,0
CUST_0552,53,9025.64,177,19,2,42,10,Multi-year,0,1,Healthcare,0
CUST_0553,23,4902.12,24,12,6,82,5,Multi-year,1,1,Retail,0
CUST_0554,9,6417.91,21,16,6,54,3,Annual,1,0,Fintech,0
CUST_0555,12,7604.78,123,16,1,75,4,Annual,1,1,HR-Tech,0
CUST_0556,53,831.22,75,16,1,16,2,Annual,1,0,Retail,1
CUST_0557,1,9001.75,8,0,3,113,5,Monthly,1,1,Logistics,1
CUST_0558,58,8671.2,18,7,3,115,10,Annual,1,1,Healthcare,0
CUST_0559,58,4845.6,7,18,4,18,2,Monthly,1,0,HR-Tech,1
CUST_0560,1,4216.11,84,5,2,99,7,Annual,1,1,Healthcare,1
CUST_0561,47,3093.11,190,2,9,117,8,Annual,1,1,Retail,0
CUST_0562,34,5028.43,59,26,7,59,3,Annual,0,0,Fintech,1
CUST_0563,32,921.58,136,4,7,90,8,Annual,1,1,Healthcare,0
CUST_0564,54,8595.84,124,12,6,16,6,Annual,0,1,Logistics,0
CUST_0565,48,836.51,28,14,3,6,2,Multi-year,1,0,HR-Tech,1
CUST_0566,25,3625.99,166,13,6,57,6,Monthly,1,0,Logistics,0
CUST_0567,40,9350.1,162,28,8,108,0,Annual,1,1,Healthcare,1
CUST_0568,45,7484.52,86,22,8,107,2,Annual,0,1,Fintech,0
CUST_0569,53,3173.21,151,15,9,47,5,Annual,0,1,Fintech,0
CUST_0570,1,2900.17,163,17,1,111,3,Multi-year,1,1,Logistics,0
CUST_0571,16,548.28,192,21,1,48,6,Monthly,1,1,Retail,1
CUST_0572,39,7109.29,64,28,3,42,2,Annual,1,1,Retail,0
CUST_0573,5,963.44,151,21,3,76,0,Annual,1,1,Fintech,1
CUST_0574,22,5559.72,53,10,8,60,8,Multi-year,1,1,Logistics,0
CUST_0575,29,9640.16,67,2,1,77,5,Monthly,1,0,Logistics,1
CUST_0576,55,1539.95,114,21,2,4,7,Annual,1,0,Logistics,0
CUST_0577,3,8997.56,154,9,2,103,2,Annual,1,0,Healthcare,1
CUST_0578,12,9919.02,156,9,3,118,7,Monthly,1,1,Retail,0
CUST_0579,26,1084.41,113,29,6,2,1,Annual,1,1,Retail,0
CUST_0580,16,8887.61,80,20,1,90,3,Annual,0,0,Healthcare,0
CUST_0581,51,5402.75,34,15,2,59,2,Annual,1,0,HR-Tech,1
CUST_0582,37,9111.88,62,11,1,27,9,Multi-year,0,1,Healthcare,0
CUST_0583,22,5927.53,121,1,5,27,0,Annual,1,0,Logistics,0
CUST_0584,57,6790.06,163,8,7,79,6,Annual,1,1,Healthcare,0
CUST_0585,29,5665.9,104,23,8,72,10,Annual,1,1,Logistics,0
CUST_0586,14,8712.68,196,2,1,7,9,Monthly,0,1,Fintech,0
CUST_0587,28,7472.14,23,23,7,63,1,Monthly,1,0,Logistics,1
CUST_0588,5,5451.97,180,29,5,111,3,Annual,0,0,Retail,1
CUST_0589,47,8747.53,177,24,1,119,8,Annual,0,1,Healthcare,1
CUST_0590,49,2830.21,98,29,3,46,5,Monthly,1,1,Logistics,1
CUST_0591,30,1994.74,187,14,7,63,7,Annual,1,1,HR-Tech,1
CUST_0592,46,2023.8,117,2,1,104,1,Annual,1,0,Fintech,0
CUST_0593,52,3673.08,187,18,7,12,6,Monthly,1,1,HR-Tech,1
CUST_0594,5,2767.56,150,17,5,13,5,Annual,1,1,HR-Tech,0
CUST_0595,12,9335.86,67,7,1,43,8,Monthly,0,1,HR-Tech,1
CUST_0596,16,1505.42,120,25,1,17,6,Multi-year,1,1,Fintech,1
CUST_0597,26,7140.41,117,16,1,63,0,Multi-year,1,0,Fintech,1
CUST_0598,26,2297.6,51,7,9,81,7,Annual,1,0,Fintech,0
CUST_0599,48,8875.55,61,6,3,36,10,Monthly,1,1,Fintech,0
CUST_0600,21,9632.5,122,29,5,85,9,Annual,1,1,HR-Tech,0
CUST_0601,39,4921.97,49,6,9,8,2,Multi-year,1,0,Retail,0
CUST_0602,36,8851.18,165,2,6,69,1,Annual,1,0,Retail,0
CUST_0603,33,548.88,149,0,9,90,2,Monthly,1,1,Fintech,0
CUST_0604,30,8289.5,8,3,8,80,10,Annual,0,0,Healthcare,0
CUST_0605,37,2671.94,152,24,8,36,5,Multi-year,1,0,Logistics,0
CUST_0606,23,9132.66,51,4,1,28,2,Annual,1,1,Healthcare,1
CUST_0607,58,510.64,147,0,9,118,9,Annual,1,1,Healthcare,0
CUST_0608,10,5783.73,51,14,6,93,4,Annual,0,1,Healthcare,0
CUST_0609,54,7688.04,82,4,9,47,5,Annual,0,0,Retail,0
CUST_0610,5,2957.54,128,12,3,76,7,Monthly,1,1,Logistics,1
CUST_0611,36,2334.76,79,7,3,101,6,Annual,0,1,Healthcare,0
CUST_0612,34,1298.93,107,7,6,30,10,Monthly,1,1,Fintech,0
CUST_0613,52,3601.12,141,4,9,23,7,Annual,1,1,Retail,0
CUST_0614,31,5818.52,94,27,7,16,2,Monthly,1,0,Fintech,1
CUST_0615,10,1600.52,148,8,3,14,3,Annual,1,0,Fintech,1
CUST_0616,58,4078.61,73,0,3,74,5,Monthly,1,0,Healthcare,1
CUST_0617,19,586.19,65,3,2,71,10,Annual,1,0,Fintech,1
CUST_0618,58,8277.45,142,2,9,109,6,Annual,0,1,Logistics,0
CUST_0619,32,1720.26,54,1,3,52,8,Monthly,0,1,Fintech,0
CUST_0620,1,3191.76,7,7,5,37,0,Monthly,1,1,Healthcare,1
CUST_0621,56,675.06,111,22,9,29,7,Monthly,1,1,Fintech,0
CUST_0622,5,4606.29,117,8,8,67,7,Multi-year,1,0,Retail,0
CUST_0623,45,8481.15,98,1,2,15,5,Annual,1,1,Retail,1
CUST_0624,4,4225.44,122,13,3,100,3,Annual,1,0,Retail,0
CUST_0625,16,2205.22,85,13,2,47,2,Monthly,0,0,HR-Tech,0
CUST_0626,24,7660.14,113,3,8,46,10,Annual,1,0,Retail,1
CUST_0627,16,7993.67,55,29,6,52,2,Multi-year,1,1,Retail,0
CUST_0628,55,2150.66,151,5,6,19,5,Multi-year,1,1,HR-Tech,0
CUST_0629,2,7823.11,174,10,9,77,7,Annual,1,0,Retail,0
CUST_0630,49,9499.33,39,2,8,106,6,Monthly,0,0,Healthcare,0
CUST_0631,28,2080.59,50,7,4,21,10,Monthly,1,1,Retail,0
CUST_0632,32,7824.35,158,2,4,64,0,Monthly,1,0,Retail,1
CUST_0633,27,7231.43,73,13,9,37,10,Monthly,0,1,HR-Tech,0
CUST_0634,20,4998.95,97,27,1,27,5,Monthly,1,1,Healthcare,1
CUST_0635,24,1050.24,68,12,2,55,6,Monthly,1,1,Fintech,0
CUST_0636,12,1209.6,169,12,2,116,6,Annual,1,1,Logistics,1
CUST_0637,50,8597.94,53,1,6,29,8,Multi-year,1,1,Healthcare,0
CUST_0638,35,9906.41,153,12,4,20,10,Annual,0,1,Fintech,0
CUST_0639,33,6922.5,78,28,3,25,10,Multi-year,1,1,Healthcare,0
CUST_0640,33,4736.6,196,18,3,70,9,Annual,1,1,Fintech,1
CUST_0641,51,6651.95,9,26,3,63,4,Monthly,1,0,Fintech,1
CUST_0642,43,6146.76,104,5,6,36,0,Annual,0,1,Healthcare,0
CUST_0643,37,4144.32,74,15,8,2,1,Monthly,1,1,HR-Tech,1
CUST_0644,12,1123.45,94,1,7,22,3,Annual,1,1,Healthcare,1
CUST_0645,3,8304.37,8,7,4,96,4,Annual,1,1,Healthcare,0
CUST_0646,1,4032.42,130,16,4,16,8,Multi-year,1,1,Fintech,0
CUST_0647,33,8278.46,43,22,2,18,10,Monthly,0,0,Logistics,0
CUST_0648,40,2898.83,167,1,1,69,0,Monthly,1,1,Fintech,0
CUST_0649,10,509.78,133,9,9,54,2,Multi-year,0,1,Retail,0
CUST_0650,43,2009.91,28,27,2,100,4,Monthly,1,1,Healthcare,1
CUST_0651,44,4951.12,61,15,8,30,2,Annual,1,1,Healthcare,0
CUST_0652,29,9470.88,104,5,9,45,3,Annual,1,0,HR-Tech,1
CUST_0653,13,1470.84,74,27,4,19,2,Multi-year,1,1,Fintech,0
CUST_0654,12,8614.99,45,1,8,87,3,Multi-year,1,0,HR-Tech,0
CUST_0655,31,5506.73,186,1,9,34,0,Multi-year,1,0,Healthcare,0
CUST_0656,46,8346.25,178,25,5,13,7,Monthly,0,1,Fintech,1
CUST_0657,2,3334.56,64,12,7,43,3,Multi-year,0,0,Fintech,1
CUST_0658,51,8479.5,112,23,4,62,6,Annual,1,1,Retail,1
CUST_0659,50,7841.82,192,14,1,118,1,Annual,0,0,Retail,1
CUST_0660,35,2685.51,61,27,3,93,1,Monthly,1,0,Logistics,0
CUST_0661,23,1747.68,35,1,5,100,5,Annual,1,1,Retail,1
CUST_0662,17,8746.52,88,6,3,22,1,Multi-year,1,1,Fintech,0
CUST_0663,26,9650.75,156,2,7,52,5,Multi-year,1,1,Retail,0
CUST_0664,8,797.37,40,7,9,52,10,Annual,1,1,Logistics,0
CUST_0665,29,7447.07,162,22,6,111,1,Monthly,1,1,Healthcare,0
CUST_0666,26,9140.48,156,13,1,36,3,Annual,1,0,Retail,1
CUST_0667,10,8644.92,112,23,7,73,6,Multi-year,1,0,Fintech,0
CUST_0668,26,9662.94,110,29,3,103,7,Annual,0,0,Healthcare,1
CUST_0669,34,7720.89,162,22,5,115,2,Annual,1,1,Fintech,0
CUST_0670,51,4701.84,90,26,4,19,8,Monthly,1,1,Healthcare,0
CUST_0671,41,3463.54,139,21,5,38,1,Annual,1,1,Fintech,1
CUST_0672,7,3547.06,167,28,5,70,7,Annual,0,1,Retail,0
CUST_0673,4,7382.02,187,6,6,116,7,Multi-year,0,1,Retail,1
CUST_0674,58,7585.45,18,20,6,111,3,Annual,1,0,Logistics,0
CUST_0675,53,2403.41,124,6,8,79,0,Annual,1,0,Healthcare,0
CUST_0676,50,8747.17,142,0,8,57,0,Annual,1,1,Logistics,0
CUST_0677,45,7291.78,84,16,9,20,1,Monthly,1,1,HR-Tech,0
CUST_0678,11,5846.13,148,8,8,9,8,Multi-year,1,1,Retail,0
CUST_0679,29,4979.56,186,29,2,32,1,Annual,1,0,Healthcare,1
CUST_0680,56,5660.71,110,20,1,4,1,Annual,1,1,Logistics,1
CUST_0681,36,2012.83,74,12,2,50,5,Annual,0,0,Logistics,1
CUST_0682,25,2435.16,48,20,2,82,6,Annual,1,0,HR-Tech,1
CUST_0683,21,1366.06,77,18,3,5,6,Annual,1,1,Logistics,0
CUST_0684,57,1959.75,49,20,7,20,8,Annual,1,0,Fintech,1
CUST_0685,36,4810.09,188,18,2,87,5,Monthly,1,1,Retail,1
CUST_0686,10,5538.37,111,24,1,75,7,Annual,1,0,Logistics,0
CUST_0687,37,669.69,88,24,6,37,10,Monthly,1,1,Logistics,1
CUST_0688,9,8069.58,86,21,9,22,5,Annual,1,1,HR-Tech,1
CUST_0689,24,3294.6,111,16,3,58,1,Monthly,1,0,Fintech,0
CUST_0690,35,9162.44,189,22,6,68,0,Annual,0,1,Logistics,1
CUST_0691,49,9691.36,25,22,3,93,4,Multi-year,0,0,Retail,1
CUST_0692,35,2261.86,182,29,1,44,8,Multi-year,1,1,Retail,1
CUST_0693,48,4889.92,165,9,5,34,7,Annual,1,0,Logistics,0
CUST_0694,36,511.7,11,9,4,77,3,Annual,1,0,Fintech,0
CUST_0695,18,6184.11,74,3,7,42,4,Monthly,1,0,Retail,1
CUST_0696,49,6269.41,131,7,6,9,4,Annual,1,0,Retail,1
CUST_0697,39,2851.63,147,21,7,106,5,Multi-year,1,1,Fintech,1
CUST_0698,32,5804.92,164,19,5,95,2,Monthly,0,0,Fintech,1
CUST_0699,24,2642.63,152,19,4,7,4,Annual,0,0,Logistics,0
CUST_0700,23,2027.84,147,17,7,68,1,Multi-year,1,1,Healthcare,0
CUST_0701,32,6689.43,180,13,7,19,9,Multi-year,0,0,HR-Tech,1
CUST_0702,37,3596.29,153,17,6,106,0,Monthly,1,1,Healthcare,1
CUST_0703,12,6107.51,174,27,8,94,10,Annual,1,1,Healthcare,0
CUST_0704,49,4615.84,158,13,4,31,0,Monthly,1,1,Retail,1
CUST_0705,55,9851.34,124,19,5,35,9,Monthly,0,1,Fintech,0
CUST_0706,13,1921.02,132,20,4,57,6,Multi-year,1,1,Retail,0
CUST_0707,23,4913.69,146,23,1,85,1,Multi-year,1,0,HR-Tech,1
CUST_0708,25,6964.34,61,14,8,61,3,Annual,1,1,Logistics,1
CUST_0709,35,4257.68,169,21,1,31,4,Monthly,1,1,HR-Tech,0
CUST_0710,41,9759.65,62,29,5,83,6,Multi-year,0,1,Retail,0
CUST_0711,30,7357.93,25,3,6,95,1,Annual,1,1,Retail,0
CUST_0712,17,6741.35,86,12,6,53,5,Annual,1,1,Retail,0
CUST_0713,49,7692.06,73,26,5,32,0,Annual,1,1,Retail,1
CUST_0714,20,9550.16,135,22,3,66,6,Monthly,1,1,Healthcare,1
CUST_0715,48,9124.28,91,7,5,59,8,Annual,1,1,Logistics,0
CUST_0716,25,7380.71,169,17,8,116,4,Annual,0,1,Healthcare,1
CUST_0717,22,7617.04,53,11,2,10,4,Monthly,1,0,Retail,1
CUST_0718,13,1886.26,151,22,6,2,3,Monthly,1,1,Fintech,0
CUST_0719,59,1476.53,119,13,9,66,2,Monthly,1,1,Healthcare,0
CUST_0720,19,5923.59,93,1,8,60,8,Monthly,1,0,Retail,0
CUST_0721,49,674.49,89,17,8,88,4,Annual,1,0,Retail,1
CUST_0722,36,5082.39,132,23,8,17,7,Multi-year,1,1,Logistics,0
CUST_0723,12,2498.32,144,1,7,96,8,Monthly,0,0,HR-Tech,0
CUST_0724,41,3787.16,193,10,8,16,4,Monthly,1,0,Healthcare,0
CUST_0725,19,7870.14,173,8,6,16,9,Annual,1,1,Healthcare,0
CUST_0726,12,9441.76,165,11,2,46,8,Multi-year,1,0,Healthcare,0
CUST_0727,9,1187.95,182,16,2,39,1,Annual,1,1,Retail,1
CUST_0728,7,5575.3,121,14,8,117,8,Annual,1,0,Logistics,1
CUST_0729,28,8884.07,131,24,1,31,10,Annual,1,0,Retail,0
CUST_0730,14,1283.83,75,16,6,107,3,Monthly,1,1,Retail,0
CUST_0731,31,8332.88,90,25,6,88,5,Monthly,1,1,Fintech,0
CUST_0732,52,3899.11,37,28,4,1,5,Annual,1,0,Logistics,1
CUST_0733,19,3559.9,85,25,3,11,5,Annual,1,0,Healthcare,0
CUST_0734,58,9785.93,156,17,3,119,1,Annual,1,1,HR-Tech,0
CUST_0735,47,2408.16,65,21,1,85,6,Annual,0,0,Healthcare,1
CUST_0736,16,7085.34,65,5,3,4,5,Annual,1,0,Retail,0
CUST_0737,53,8303.69,102,16,4,71,10,Monthly,1,0,Logistics,1
CUST_0738,5,891.24,32,22,5,26,0,Annual,0,1,Logistics,0
CUST_0739,35,6868.66,190,23,3,111,1,Monthly,1,1,Logistics,0
CUST_0740,12,9539.72,47,17,6,50,6,Monthly,1,1,Fintech,0
CUST_0741,25,1680.09,173,7,5,12,0,Annual,1,1,Healthcare,1
CUST_0742,52,9014.1,171,8,3,95,0,Multi-year,1,1,Fintech,0
CUST_0743,59,6150.38,90,5,6,81,0,Multi-year,0,1,HR-Tech,0
CUST_0744,21,6357.74,181,4,6,97,7,Annual,1,1,Retail,0
CUST_0745,36,6322.97,21,11,8,75,3,Monthly,1,0,Fintech,0
CUST_0746,53,3338.94,102,24,2,92,3,Monthly,1,1,Fintech,1
CUST_0747,23,9384.42,102,28,1,96,1,Multi-year,1,1,Retail,1
CUST_0748,16,9499.83,69,27,4,65,10,Annual,1,1,Logistics,0
CUST_0749,57,6440.39,78,10,7,47,10,Annual,1,0,Retail,0
CUST_0750,39,7942.52,89,24,3,92,10,Annual,1,0,Healthcare,1
CUST_0751,45,6316.45,9,0,3,53,0,Annual,1,1,Retail,0
CUST_0752,53,5101.79,6,10,5,106,9,Multi-year,1,1,Logistics,1
CUST_0753,42,6777.79,26,18,5,71,8,Monthly,0,1,Retail,1
CUST_0754,58,5753.51,116,8,3,2,6,Annual,0,0,Fintech,0
CUST_0755,39,6176.02,61,26,9,106,3,Multi-year,1,1,HR-Tech,0
CUST_0756,14,7946.41,70,1,4,24,5,Monthly,1,1,Fintech,0
CUST_0757,31,5068.59,78,11,3,4,1,Annual,1,1,HR-Tech,0
CUST_0758,58,887.16,102,3,2,108,6,Annual,0,1,Retail,0
CUST_0759,5,2058.0,148,3,9,19,1,Multi-year,0,1,Healthcare,0
CUST_0760,35,4666.77,116,17,4,26,9,Monthly,1,1,Retail,0
CUST_0761,23,7385.85,183,14,3,75,7,Annual,1,1,Logistics,1
CUST_0762,29,6136.15,129,18,7,40,7,Monthly,1,1,Retail,0
CUST_0763,43,6677.79,171,12,8,50,0,Annual,1,0,HR-Tech,1
CUST_0764,11,5053.15,90,18,2,43,7,Monthly,1,0,Fintech,0
CUST_0765,18,6349.55,80,16,7,75,1,Monthly,1,1,Healthcare,1
CUST_0766,47,3625.67,92,5,5,109,5,Annual,1,1,Retail,0
CUST_0767,12,4966.73,172,15,5,67,0,Multi-year,1,1,Retail,1
CUST_0768,9,7570.65,42,23,3,12,4,Monthly,1,1,Fintech,1
CUST_0769,10,8782.41,192,11,5,67,10,Monthly,1,0,Healthcare,0
CUST_0770,58,4619.73,63,18,2,106,6,Annual,0,1,Retail,1
CUST_0771,44,914.79,142,4,4,27,9,Annual,1,1,Retail,0
CUST_0772,17,2035.89,103,16,6,113,0,Multi-year,1,0,HR-Tech,1
CUST_0773,38,698.18,196,25,1,54,1,Monthly,1,0,HR-Tech,0
CUST_0774,7,6706.0,67,22,4,66,6,Annual,0,1,Logistics,1
CUST_0775,46,3656.99,53,25,6,49,5,Monthly,1,0,Fintech,0
CUST_0776,13,5653.55,196,28,9,16,2,Monthly,1,1,Healthcare,1
CUST_0777,40,5186.13,36,0,2,2,9,Annual,1,0,Retail,0
CUST_0778,42,1274.5,139,27,7,60,1,Annual,1,1,Retail,1
CUST_0779,9,4330.98,25,26,6,54,9,Annual,1,1,Logistics,0
CUST_0780,50,2595.33,24,24,2,30,3,Annual,1,1,Retail,1
CUST_0781,27,4474.8,158,23,8,84,2,Annual,1,1,Fintech,1
CUST_0782,58,2433.99,131,22,7,38,6,Annual,1,1,Logistics,0
CUST_0783,2,8484.3,72,9,5,28,7,Multi-year,1,0,Fintech,0
CUST_0784,5,2154.84,114,14,5,25,1,Monthly,1,0,Logistics,1
CUST_0785,29,9627.42,120,22,7,96,9,Monthly,1,1,Retail,1
CUST_0786,37,4451.12,147,20,9,10,6,Annual,1,1,Logistics,0
CUST_0787,38,8539.33,124,20,9,60,7,Annual,1,1,HR-Tech,0
CUST_0788,19,6473.27,83,10,9,42,5,Monthly,1,0,Healthcare,0
CUST_0789,8,7485.83,120,12,6,40,5,Multi-year,1,0,Retail,0
CUST_0790,48,7793.38,96,4,6,97,9,Monthly,1,0,Healthcare,1
CUST_0791,45,5296.03,18,0,3,77,0,Multi-year,1,1,Retail,1
CUST_0792,1,5661.35,159,23,1,105,3,Monthly,1,1,Healthcare,1
CUST_0793,22,5382.96,129,11,7,118,0,Annual,1,1,HR-Tech,0
CUST_0794,52,6086.55,172,10,4,42,3,Multi-year,1,1,Healthcare,0
CUST_0795,17,779.25,62,16,1,47,1,Monthly,0,0,Logistics,0
CUST_0796,7,4257.39,32,3,8,37,10,Multi-year,1,0,Healthcare,1
CUST_0797,25,6258.79,30,14,6,118,4,Annual,1,0,Retail,1
CUST_0798,45,6178.37,117,24,6,80,9,Multi-year,1,1,Fintech,0
CUST_0799,4,8033.08,195,29,2,109,8,Annual,1,0,Healthcare,1
CUST_0800,36,6722.59,70,8,1,22,10,Annual,1,1,Healthcare,0
CUST_0801,6,9925.27,157,20,2,57,9,Monthly,0,0,Healthcare,1
CUST_0802,31,3196.62,135,19,4,84,2,Annual,1,1,Retail,0
CUST_0803,19,3911.93,48,18,2,114,7,Monthly,1,1,Healthcare,1
CUST_0804,44,4146.55,101,18,1,107,2,Monthly,1,1,Retail,1
CUST_0805,54,4925.22,46,11,7,27,5,Monthly,1,1,Retail,0
CUST_0806,39,8441.98,10,4,8,41,3,Annual,0,1,Fintech,1
CUST_0807,27,2740.02,171,9,6,80,7,Annual,1,0,Logistics,0
CUST_0808,10,7872.0,184,16,4,34,10,Monthly,1,1,Retail,1
CUST_0809,26,4350.45,27,4,6,32,5,Monthly,1,1,HR-Tech,0
CUST_0810,19,6217.63,93,21,3,90,7,Annual,0,0,Healthcare,0
CUST_0811,39,6509.14,127,15,8,89,0,Monthly,1,0,HR-Tech,0
CUST_0812,3,4042.06,182,6,2,66,5,Monthly,0,1,Healthcare,1
CUST_0813,45,5369.84,175,27,5,12,0,Monthly,1,1,Fintech,1
CUST_0814,13,4423.8,151,8,1,40,0,Multi-year,1,1,Retail,0
CUST_0815,50,1156.76,55,2,6,73,7,Multi-year,1,1,Logistics,0
CUST_0816,28,4653.07,15,14,2,76,6,Annual,1,0,Retail,1
CUST_0817,58,1425.24,16,15,4,90,2,Annual,1,0,Healthcare,1
CUST_0818,20,4347.7,78,17,6,73,5,Annual,1,1,Logistics,0
CUST_0819,28,6132.72,12,13,8,10,8,Annual,0,0,Retail,0
CUST_0820,8,6004.44,156,2,8,96,6,Annual,1,1,Logistics,1
CUST_0821,41,6794.9,45,11,6,98,2,Annual,1,1,Healthcare,1
CUST_0822,39,1404.98,168,8,4,48,5,Monthly,0,0,Fintech,0
CUST_0823,1,6695.17,89,27,8,20,10,Monthly,1,1,Fintech,0
CUST_0824,3,3465.41,76,6,8,39,3,Annual,1,0,Retail,0
CUST_0825,13,4290.94,59,8,1,60,2,Multi-year,0,1,HR-Tech,0
CUST_0826,28,8650.87,141,12,4,66,8,Annual,0,0,Healthcare,1
CUST_0827,57,585.79,51,17,4,65,9,Multi-year,1,1,Retail,0
CUST_0828,49,6089.92,147,4,7,51,1,Multi-year,1,0,Retail,0
CUST_0829,25,6187.78,180,12,7,36,0,Monthly,1,1,Fintech,1
CUST_0830,56,4268.27,108,3,8,24,1,Annual,1,1,Logistics,0
CUST_0831,33,2751.76,46,1,5,118,6,Annual,1,0,Healthcare,1
CUST_0832,38,2729.4,64,15,7,27,9,Multi-year,0,1,Logistics,0
CUST_0833,53,8895.24,16,8,8,2,0,Multi-year,1,0,Healthcare,1
CUST_0834,6,4699.23,134,8,9,31,5,Annual,1,1,HR-Tech,0
CUST_0835,58,3643.45,11,5,3,57,6,Monthly,1,0,Fintech,0
CUST_0836,44,4763.39,84,10,3,78,8,Annual,1,1,HR-Tech,0
CUST_0837,45,6859.21,135,21,4,66,7,Monthly,1,0,Retail,0
CUST_0838,32,1884.69,113,23,5,29,5,Annual,0,1,Fintech,0
CUST_0839,45,4769.62,7,21,1,15,2,Multi-year,0,0,Retail,0
CUST_0840,47,6084.9,31,0,7,12,7,Annual,1,1,HR-Tech,0
CUST_0841,21,9511.54,118,3,9,101,6,Annual,1,0,Healthcare,1
CUST_0842,16,2899.01,111,12,8,28,2,Annual,1,1,Retail,1
CUST_0843,54,3912.88,44,22,5,84,8,Annual,1,1,Logistics,0
CUST_0844,21,4103.91,165,12,4,103,1,Annual,1,0,Healthcare,1
CUST_0845,11,6252.61,133,12,7,24,2,Annual,1,1,Healthcare,0
CUST_0846,37,3888.95,12,1,5,21,1,Multi-year,0,0,HR-Tech,0
CUST_0847,36,5568.36,105,8,7,10,0,Multi-year,0,0,HR-Tech,1
CUST_0848,35,7927.01,164,23,1,110,3,Monthly,1,1,Fintech,1
CUST_0849,19,7201.16,128,7,1,78,4,Multi-year,1,1,Fintech,1
CUST_0850,20,4740.5,180,6,3,101,5,Annual,1,1,Logistics,0
CUST_0851,57,8710.05,111,3,2,18,4,Monthly,1,0,Healthcare,0
CUST_0852,18,5802.33,105,17,2,88,0,Monthly,1,0,Logistics,0
CUST_0853,47,5629.11,8,2,7,14,2,Monthly,1,0,Logistics,1
CUST_0854,41,824.78,114,27,2,34,0,Multi-year,1,1,HR-Tech,0
CUST_0855,49,9873.58,23,5,4,58,10,Annual,0,1,Logistics,0
CUST_0856,14,1668.22,36,11,2,76,4,Annual,1,1,Logistics,1
CUST_0857,15,2695.74,141,11,6,22,4,Monthly,1,0,Retail,0
CUST_0858,31,991.12,16,20,8,70,10,Annual,0,0,Fintech,0
CUST_0859,1,6580.03,143,27,4,36,5,Monthly,1,0,Fintech,0
CUST_0860,53,2634.66,50,7,5,45,7,Annual,1,0,Healthcare,0
CUST_0861,54,2210.1,123,21,4,36,9,Annual,1,0,Fintech,0
CUST_0862,54,1341.28,20,21,3,22,0,Monthly,1,1,Healthcare,1
CUST_0863,3,1481.44,133,0,5,78,3,Multi-year,1,1,Retail,0
CUST_0864,16,6054.37,67,3,9,80,9,Monthly,0,1,Fintech,0
CUST_0865,23,7037.97,113,20,8,61,10,Annual,1,1,Retail,1
CUST_0866,57,4275.1,123,27,8,100,0,Annual,1,0,Fintech,0
CUST_0867,11,5059.02,25,10,8,56,8,Annual,1,1,Fintech,0
CUST_0868,12,7016.69,162,2,8,89,10,Monthly,1,0,Retail,0
CUST_0869,10,665.11,17,12,7,96,6,Monthly,1,1,Logistics,1
CUST_0870,32,3569.74,166,24,8,33,6,Multi-year,1,1,Logistics,0
CUST_0871,16,9744.43,8,16,8,45,4,Monthly,1,0,Logistics,1
CUST_0872,8,6011.07,160,21,8,36,6,Multi-year,1,1,Logistics,0
CUST_0873,38,2915.13,106,21,7,20,1,Multi-year,1,0,Fintech,0
CUST_0874,12,5456.44,63,9,1,18,3,Monthly,1,1,HR-Tech,0
CUST_0875,24,3755.21,132,20,4,38,6,Monthly,1,1,Retail,0
CUST_0876,28,5556.33,31,11,4,67,2,Annual,1,0,HR-Tech,0
CUST_0877,53,1694.54,73,14,5,23,1,Multi-year,1,1,HR-Tech,0
CUST_0878,8,1760.79,29,20,6,96,9,Multi-year,1,1,Healthcare,0
CUST_0879,58,1863.65,135,9,4,109,1,Annual,1,1,Logistics,1
CUST_0880,28,9428.29,101,13,2,16,0,Annual,1,0,Fintech,1
CUST_0881,36,7462.54,29,12,6,59,4,Monthly,1,1,Logistics,0
CUST_0882,26,2042.63,152,4,8,69,5,Multi-year,1,0,Logistics,0
CUST_0883,8,2289.32,166,5,8,68,5,Multi-year,0,0,HR-Tech,1
CUST_0884,58,7442.88,158,23,7,21,8,Monthly,1,0,Healthcare,1
CUST_0885,50,1983.56,130,1,6,104,3,Monthly,0,0,Logistics,1
CUST_0886,28,2728.33,137,21,2,115,0,Monthly,0,0,Retail,0
CUST_0887,28,9651.79,193,16,7,78,5,Monthly,1,1,Retail,1
CUST_0888,37,2925.41,13,3,5,103,4,Multi-year,1,0,Logistics,0
CUST_0889,41,6785.51,120,13,6,95,9,Annual,1,0,HR-Tech,1
CUST_0890,36,9797.0,182,9,8,78,5,Monthly,1,0,HR-Tech,0
CUST_0891,27,4055.82,138,2,8,70,2,Annual,1,1,Fintech,1
CUST_0892,54,666.4,64,24,3,12,1,Multi-year,1,1,Healthcare,1
CUST_0893,17,2819.4,176,2,7,16,5,Annual,1,0,HR-Tech,0
CUST_0894,9,8393.33,125,14,1,81,0,Annual,1,0,Fintech,0
CUST_0895,33,8713.78,143,5,1,109,6,Monthly,1,0,Retail,1
CUST_0896,53,7800.93,198,16,7,87,6,Multi-year,0,0,Retail,0
CUST_0897,20,1574.54,179,11,9,14,9,Multi-year,0,0,Retail,1
CUST_0898,13,8057.35,112,21,7,61,6,Monthly,1,1,Logistics,0
CUST_0899,28,9227.44,112,19,5,71,10,Monthly,1,0,Healthcare,1
CUST_0900,48,6205.79,135,23,8,46,9,Monthly,0,1,Fintech,0
CUST_0901,29,9438.32,80,28,2,32,0,Monthly,1,0,Healthcare,0
CUST_0902,13,8354.97,34,10,9,15,3,Annual,1,1,Logistics,0
CUST_0903,46,6836.23,25,24,6,44,6,Multi-year,1,1,Fintech,0
CUST_0904,35,5983.26,160,3,9,17,10,Annual,1,1,Fintech,0
CUST_0905,6,3811.45,194,25,2,41,8,Multi-year,1,0,HR-Tech,1
CUST_0906,18,2013.23,165,27,3,54,4,Annual,1,0,Healthcare,1
CUST_0907,51,6247.06,167,25,8,111,1,Annual,1,1,Healthcare,0
CUST_0908,5,3522.06,184,5,1,44,6,Annual,1,1,HR-Tech,0
CUST_0909,47,8731.17,38,0,7,98,9,Monthly,1,1,Retail,1
CUST_0910,25,9936.7,45,19,7,5,0,Annual,1,1,Logistics,0
CUST_0911,2,7648.06,55,22,1,109,6,Annual,0,1,Healthcare,1
CUST_0912,10,1359.58,179,27,9,27,5,Monthly,1,0,HR-Tech,1
CUST_0913,56,3242.51,86,15,8,116,6,Annual,1,1,Fintech,0
CUST_0914,30,1536.54,62,14,4,87,9,Annual,1,0,HR-Tech,1
CUST_0915,50,6679.86,79,16,5,104,2,Multi-year,1,0,Retail,0
CUST_0916,59,7769.31,189,7,2,78,2,Annual,0,1,Logistics,0
CUST_0917,45,9293.91,27,27,9,79,6,Multi-year,1,0,Retail,1
CUST_0918,5,4662.64,180,25,6,43,1,Annual,1,1,Fintech,1
CUST_0919,55,9063.07,132,11,3,97,0,Annual,1,0,Fintech,1
CUST_0920,56,8839.97,154,26,7,117,8,Annual,0,1,Fintech,0
CUST_0921,33,3513.36,21,21,9,31,8,Multi-year,1,1,Fintech,0
CUST_0922,54,8754.56,73,20,3,99,6,Annual,1,1,HR-Tech,0
CUST_0923,1,4068.89,112,9,2,17,6,Annual,0,0,Fintech,1
CUST_0924,18,3320.26,143,26,7,92,2,Annual,1,1,Fintech,1
CUST_0925,32,6666.21,98,14,7,83,9,Annual,1,1,HR-Tech,0
CUST_0926,47,3619.62,19,29,4,110,1,Monthly,0,1,Fintech,1
CUST_0927,49,6486.98,95,8,9,54,10,Monthly,0,0,Retail,0
CUST_0928,11,6293.4,167,1,8,62,6,Monthly,0,1,Retail,0
CUST_0929,21,5852.67,37,4,1,87,8,Multi-year,1,1,Healthcare,0
CUST_0930,26,4113.99,129,5,1,32,0,Monthly,0,1,Retail,1
CUST_0931,25,5710.75,20,6,5,40,3,Monthly,1,1,Logistics,0
CUST_0932,22,6166.61,166,20,6,13,5,Annual,1,1,Logistics,0
CUST_0933,59,5684.03,70,24,3,84,6,Annual,1,0,Logistics,0
CUST_0934,27,4721.98,172,0,9,35,9,Annual,0,0,HR-Tech,0
CUST_0935,49,639.34,160,22,6,5,6,Monthly,1,0,Retail,0
CUST_0936,13,6077.09,51,25,4,73,9,Multi-year,1,1,Logistics,0
CUST_0937,33,2100.22,171,6,7,29,1,Multi-year,1,1,Healthcare,1
CUST_0938,34,6604.47,152,19,8,70,3,Multi-year,1,0,HR-Tech,0
CUST_0939,41,7713.77,128,24,9,25,4,Annual,0,1,Healthcare,1
CUST_0940,35,5254.23,5,29,6,95,0,Annual,1,1,Retail,1
CUST_0941,1,5652.45,91,11,6,22,0,Monthly,1,1,Fintech,1
CUST_0942,21,9539.05,132,15,8,66,9,Monthly,1,0,Healthcare,1
CUST_0943,48,8548.09,195,15,5,45,2,Monthly,1,0,Fintech,1
CUST_0944,55,9185.25,71,10,3,69,9,Annual,1,0,HR-Tech,0
CUST_0945,6,8230.78,8,20,3,91,2,Annual,0,0,Healthcare,1
CUST_0946,28,1534.72,190,3,6,89,7,Annual,1,0,Healthcare,0
CUST_0947,17,1915.42,157,12,2,72,8,Monthly,1,0,HR-Tech,0
CUST_0948,5,5502.93,51,6,6,119,10,Annual,0,1,HR-Tech,0
CUST_0949,31,2837.66,42,3,6,1,0,Annual,1,0,Logistics,0
CUST_0950,5,5028.61,147,14,8,84,10,Annual,1,1,Retail,0
CUST_0951,38,4246.47,195,18,7,44,1,Annual,1,0,Healthcare,1
CUST_0952,3,5719.44,25,8,8,87,9,Monthly,0,0,Healthcare,1
CUST_0953,53,7595.32,61,10,9,96,1,Multi-year,1,0,HR-Tech,0
CUST_0954,23,7297.16,121,7,6,75,3,Annual,1,0,HR-Tech,0
CUST_0955,37,5451.72,185,0,3,39,1,Monthly,1,1,Retail,1
CUST_0956,53,8312.74,50,22,3,111,6,Monthly,0,0,HR-Tech,0
CUST_0957,37,4593.19,146,24,1,54,8,Annual,1,1,Fintech,1
CUST_0958,10,9018.79,149,23,5,88,6,Multi-year,1,1,Fintech,1
CUST_0959,10,1177.16,43,7,4,75,5,Annual,1,1,Fintech,1
CUST_0960,19,9569.27,141,12,9,29,9,Monthly,1,1,Fintech,0
CUST_0961,17,6719.58,103,21,9,54,0,Multi-year,0,1,Retail,1
CUST_0962,21,4110.71,81,26,5,90,10,Annual,0,0,Healthcare,0
CUST_0963,14,2372.96,119,3,4,16,9,Annual,1,1,Fintech,0
CUST_0964,9,5052.24,138,7,7,99,8,Annual,1,0,HR-Tech,0
CUST_0965,46,2348.3,155,2,6,20,4,Monthly,1,0,Fintech,0
CUST_0966,1,2080.15,191,28,4,46,10,Annual,1,1,Retail,0
CUST_0967,51,6364.84,95,8,2,67,4,Annual,1,1,HR-Tech,0
CUST_0968,45,5469.3,102,28,1,65,5,Multi-year,1,1,Fintech,1
CUST_0969,13,6865.91,124,1,4,58,8,Annual,1,0,Healthcare,0
CUST_0970,4,9331.26,50,1,4,53,7,Annual,1,1,HR-Tech,0
CUST_0971,1,5556.47,42,27,1,111,7,Annual,1,0,HR-Tech,1
CUST_0972,49,6018.85,146,12,6,1,7,Multi-year,1,0,Healthcare,0
CUST_0973,40,1351.45,104,14,4,81,0,Multi-year,0,0,HR-Tech,0
CUST_0974,32,7317.54,76,27,1,66,0,Annual,1,1,Fintech,1
CUST_0975,34,4299.1,194,22,1,29,7,Annual,1,0,HR-Tech,1
CUST_0976,28,9778.89,39,11,1,84,4,Annual,1,1,Fintech,0
CUST_0977,31,8320.15,151,25,8,70,8,Annual,1,1,Healthcare,1
CUST_0978,8,5463.57,34,3,8,8,1,Monthly,1,1,Logistics,1
CUST_0979,39,1670.62,82,25,2,29,8,Annual,1,1,Healthcare,1
CUST_0980,26,8664.45,88,7,7,112,7,Monthly,1,1,Fintech,0
CUST_0981,58,8097.92,117,8,8,51,8,Multi-year,1,1,Retail,0
CUST_0982,34,2253.56,29,22,8,33,3,Annual,0,1,Healthcare,1
CUST_0983,54,3305.14,172,4,7,3,0,Multi-year,1,0,Retail,1
CUST_0984,54,8037.37,92,23,5,60,0,Annual,1,1,Retail,0
CUST_0985,3,2259.67,18,19,1,35,4,Annual,1,1,Fintech,1
CUST_0986,59,9218.65,158,17,9,69,1,Annual,0,0,Fintech,1
CUST_0987,50,4533.01,106,10,7,91,7,Monthly,0,0,Logistics,0
CUST_0988,12,1326.87,154,14,2,108,9,Annual,1,1,HR-Tech,0
CUST_0989,1,8249.61,180,27,6,76,10,Monthly,1,0,Healthcare,0
CUST_0990,54,4048.34,87,21,2,84,4,Annual,0,1,Fintech,1
CUST_0991,44,5501.74,114,8,1,109,4,Annual,1,0,Healthcare,1
CUST_0992,5,1566.89,183,16,7,20,1,Annual,1,1,Retail,0
CUST_0993,30,524.55,135,26,2,73,6,Monthly,1,0,HR-Tech,1
CUST_0994,30,6560.86,174,25,2,39,7,Monthly,1,1,Logistics,0
CUST_0995,59,5394.16,23,11,5,4,9,Annual,1,1,Healthcare,0
CUST_0996,57,6138.62,32,6,5,115,0,Multi-year,1,1,HR-Tech,1
CUST_0997,17,8040.57,177,9,7,118,1,Annual,1,1,Logistics,0
CUST_0998,48,6642.76,75,24,1,19,9,Annual,1,0,Healthcare,1
CUST_0999,47,2160.35,67,25,8,102,3,Annual,1,0,HR-Tech,0
